id,first_name,last_name,email,gender,ip_address
1,Aurelea,Snow,asnow0@geocities.com,Female,94.218.162.123
2,Zachery,Fortey,zfortey1@rakuten.co.jp,Male,145.16.142.51
3,Datha,Ong,dong2@domainmarket.com,Female,186.202.225.168
4,Calla,Neligan,cneligan3@paypal.com,Female,26.83.216.173
5,Burtie,Gobeau,bgobeau4@istockphoto.com,Male,210.80.134.231
6,Gerta,Mosedall,gmosedall5@smh.com.au,Female,58.88.231.223
7,Husein,Pigne,hpigne6@jimdo.com,Male,61.253.170.75
8,Callida,Skiplorne,cskiplorne7@shinystat.com,Female,116.196.52.44
9,Jeffry,Jerram,jjerram8@oakley.com,Male,192.208.216.70
10,Meriel,Covill,mcovill9@scientificamerican.com,Female,194.229.96.113
11,Cole,Meachan,cmeachana@princeton.edu,Male,137.33.238.104
12,Hilda,Youngs,hyoungsb@zimbio.com,Female,89.223.55.228
13,Aura,Houlahan,ahoulahanc@barnesandnoble.com,Female,41.242.57.127
14,Kippie,Badcock,kbadcockd@squarespace.com,Female,100.169.15.144
15,Carena,Fiddler,cfiddlere@icq.com,Female,131.138.6.69
16,Jessa,Woloschinski,jwoloschinskif@behance.net,Female,251.50.205.239
17,Mariya,Duinkerk,mduinkerkg@mozilla.com,Female,103.124.128.200
18,Romain,Standon,rstandonh@patch.com,Male,26.140.178.215
19,Nissie,Trosdall,ntrosdalli@uiuc.edu,Female,149.178.243.106
20,Nariko,Hearmon,nhearmonj@edublogs.org,Female,241.252.217.120
21,Ettie,Purry,epurryk@issuu.com,Female,166.72.100.39
22,Leena,Fryatt,lfryattl@netlog.com,Female,139.148.42.137
23,Joanna,Stutely,jstutelym@netvibes.com,Female,126.111.69.85
24,Lottie,Szubert,lszubertn@google.nl,Female,162.163.32.25
25,Thorny,Arbon,tarbono@nbcnews.com,Male,170.2.238.236
26,Ruttger,Seamarke,rseamarkep@ask.com,Male,225.189.148.165
27,Boycey,Swires,bswiresq@gravatar.com,Male,175.140.123.70
28,Justine,Braithwaite,jbraithwaiter@joomla.org,Female,176.172.151.236
29,Friederike,Brower,fbrowers@jalbum.net,Female,71.63.195.161
30,Nels,Hame,nhamet@exblog.jp,Male,156.251.186.253
31,Red,Wessel,rwesselu@360.cn,Male,197.62.26.188
32,Katine,Ebbetts,kebbettsv@blogtalkradio.com,Female,239.112.17.187
33,Marijo,Iffland,mifflandw@indiatimes.com,Female,172.67.219.241
34,Barnie,McGhie,bmcghiex@example.com,Male,33.93.232.200
35,Tabby,Pert,tperty@omniture.com,Male,30.176.54.138
36,Lizabeth,McGlaud,lmcglaudz@howstuffworks.com,Female,236.60.215.233
37,Teirtza,Hullbrook,thullbrook10@blogspot.com,Female,157.226.155.145
38,Phillipe,MacQuaker,pmacquaker11@arstechnica.com,Male,108.8.238.199
39,Dwight,Smoth,dsmoth12@telegraph.co.uk,Male,180.233.218.213
40,Jerrilee,Lighton,jlighton13@oracle.com,Female,240.122.30.196
41,Tarah,Dike,tdike14@wp.com,Female,58.75.182.140
42,Lotti,Goodoune,lgoodoune15@quantcast.com,Female,134.30.65.133
43,Putnem,Suter,psuter16@w3.org,Male,52.214.198.1
44,Amby,Bleasdille,ableasdille17@amazonaws.com,Male,147.65.116.194
45,Correy,Sains,csains18@gov.uk,Male,174.56.225.116
46,Rici,Coult,rcoult19@purevolume.com,Female,190.204.162.86
47,Caroline,Mizzen,cmizzen1a@feedburner.com,Female,214.105.81.128
48,Glenine,Taffrey,gtaffrey1b@amazon.co.uk,Female,136.91.209.43
49,Hinda,Coke,hcoke1c@netlog.com,Female,226.188.159.29
50,Richie,Fagg,rfagg1d@gmpg.org,Male,127.38.196.228
51,Glennis,Shillaker,gshillaker1e@rakuten.co.jp,Female,69.107.121.99
52,Manuel,Myford,mmyford1f@ovh.net,Male,194.243.107.107
53,Max,Thiese,mthiese1g@tinyurl.com,Male,104.68.63.229
54,Rolf,Valde,rvalde1h@ycombinator.com,Male,85.53.113.43
55,Rebekah,Edy,redy1i@bing.com,Female,235.52.41.177
56,Babs,Gingold,bgingold1j@accuweather.com,Female,249.5.97.204
57,Marchelle,Muddle,mmuddle1k@dedecms.com,Female,128.14.5.137
58,Harp,Rewcassell,hrewcassell1l@ning.com,Male,61.193.139.194
59,Beulah,Body,bbody1m@wired.com,Female,36.222.118.76
60,Gregorius,Firman,gfirman1n@weebly.com,Male,107.236.65.28
61,Ewen,Ewins,eewins1o@wufoo.com,Male,255.173.110.244
62,Jorgan,Rachuig,jrachuig1p@dailymotion.com,Male,95.167.190.48
63,Gaile,Kaindl,gkaindl1q@etsy.com,Male,104.2.112.233
64,Deirdre,Behnen,dbehnen1r@wisc.edu,Female,15.167.8.250
65,Devin,Bridges,dbridges1s@nasa.gov,Female,189.45.57.9
66,Wainwright,Piegrome,wpiegrome1t@uiuc.edu,Male,138.178.154.55
67,Northrop,Engelmann,nengelmann1u@sitemeter.com,Male,50.151.219.18
68,Lindie,Dollar,ldollar1v@ted.com,Female,38.249.171.222
69,Mycah,Wythe,mwythe1w@rediff.com,Male,0.122.220.39
70,Jerrold,Dakhov,jdakhov1x@stanford.edu,Male,251.0.37.33
71,Bear,Offill,boffill1y@qq.com,Male,216.88.250.10
72,Obed,Whiteland,owhiteland1z@eventbrite.com,Male,229.213.75.229
73,Happy,Foulger,hfoulger20@linkedin.com,Female,196.173.209.62
74,Ruthy,Silvers,rsilvers21@bizjournals.com,Female,205.69.169.125
75,Everett,Berrycloth,eberrycloth22@weather.com,Male,95.107.241.60
76,Flin,Ganter,fganter23@independent.co.uk,Male,52.127.248.98
77,Lovell,Reed,lreed24@techcrunch.com,Male,51.33.173.61
78,Nerita,Vaudre,nvaudre25@ask.com,Female,78.86.133.97
79,Izzy,Wingeatt,iwingeatt26@wiley.com,Male,12.170.143.255
80,Raphael,Chavez,rchavez27@slideshare.net,Male,39.125.98.217
81,Cary,Critzen,ccritzen28@goodreads.com,Male,183.67.125.68
82,Corbin,Zanussii,czanussii29@smh.com.au,Male,191.229.104.134
83,Nicola,Matura,nmatura2a@diigo.com,Female,105.89.237.203
84,Delmor,Demanche,ddemanche2b@angelfire.com,Male,155.90.170.205
85,Myron,Krout,mkrout2c@live.com,Male,131.208.221.132
86,Anissa,Sailor,asailor2d@jimdo.com,Female,46.7.132.5
87,Mendy,Duck,mduck2e@linkedin.com,Male,25.85.24.1
88,Jim,Collumbell,jcollumbell2f@g.co,Male,25.231.216.111
89,Adrianne,Cossam,acossam2g@wikia.com,Female,13.127.11.50
90,Royce,Kenrick,rkenrick2h@fda.gov,Male,65.250.120.138
91,Belita,Reddan,breddan2i@phpbb.com,Female,30.235.188.191
92,Barbette,Dell,bdell2j@wordpress.com,Female,187.100.195.31
93,Toddy,Creech,tcreech2k@creativecommons.org,Male,67.157.189.81
94,Mattie,Bain,mbain2l@hc360.com,Male,128.139.13.177
95,Dolley,Smalridge,dsmalridge2m@amazon.co.uk,Female,74.13.136.246
96,Derby,Braidwood,dbraidwood2n@diigo.com,Male,176.178.15.178
97,Lock,Jewis,ljewis2o@addthis.com,Male,200.236.139.221
98,Shanon,Russel,srussel2p@vimeo.com,Female,139.251.243.238
99,Pierre,Middlehurst,pmiddlehurst2q@who.int,Male,242.216.128.241
100,Darcy,Madgin,dmadgin2r@gmpg.org,Female,35.68.137.197
